{
  "display": {
    "icon": {
      "id": "minecraft:lava_bucket"
    },
    "title": {
      "translate": "advancements.story.lava_bucket.title"
    },
    "description": {
      "translate": "advancements.skyvoid.overworld.lava_bucket.description",
      "fallback": "Obtain your first bucket of lava"
    },
    "frame": "task",
    "show_toast": true,
    "announce_to_chat": true,
    "hidden": false
  },
  "parent": "minecraft:story/follow_ender_eye",
  "criteria": {
    "lava_bucket": {
      "trigger": "minecraft:inventory_changed",
      "conditions": {
        "items": [
          {
            "items": [
              "minecraft:lava_bucket"
            ]
          }
        ]
      }
    }
  },
  "sends_telemetry_event": true
}
