{
  "display": {
    "icon": {
      "id": "minecraft:cobblestone"
    },
    "title": {
      "translate": "advancements.skyvoid.overworld.cobblestone_generator.title",
      "fallback": "Welcome to SkyBlock"
    },
    "description": [
      {
        "translate": "advancements.skyvoid.overworld.cobblestone_generator.description",
        "fallback": "Build a Cobblestone Generator by placing Water and Lava 2 spaces apart and allow them to flow into each other\n\nExample:\n"
      },
      {
        "translate": "skyvoid.second",
        "fallback": "%1$s",
        "with": [
          [
            {
              "text": " "
            },
            {
              "text": "W",
              "color": "#3399FF"
            },
            {
              "text": " _ _ ",
              "color": "white"
            },
            {
              "text": "L",
              "color": "#FF7D33"
            },
            {
              "text": "\n "
            },
            {
              "text": "D",
              "color": "#796052"
            },
            {
              "text": " _ ",
              "color": "white"
            },
            {
              "text": "D D",
              "color": "#796052"
            }
          ],
          {
            "translate": "gui.skyvoid.advancement.cobblestone_generator",
            "color": "white",
            "font": "skyvoid:advancements"
          }
        ]
      }
    ],
    "frame": "goal",
    "show_toast": true,
    "announce_to_chat": true,
    "hidden": false
  },
  "parent": "minecraft:story/mine_stone",
  "criteria": {
    "cobblestone": {
      "conditions": {
        "items": [
          {
            "items": "minecraft:cobblestone"
          }
        ]
      },
      "trigger": "minecraft:inventory_changed"
    }
  },
  "sends_telemetry_event": true
}
