{
  "display": {
    "icon": {
      "id": "minecraft:potion",
      "components": {
        "minecraft:potion_contents": "healing"
      }
    },
    "title": {
      "translate": "advancements.skyvoid.overworld.witch.title",
      "fallback": "Dangerous Passenger"
    },
    "description": {
      "translate": "advancements.skyvoid.overworld.witch.description",
      "fallback": "Capture a Witch in a Boat"
    },
    "frame": "task",
    "show_toast": true,
    "announce_to_chat": true,
    "hidden": false
  },
  "parent": "skyvoid_advancements:overworld/mob_farm",
  "criteria": {
    "witch_passenger": {
      "trigger": "minecraft:started_riding",
      "conditions": {
        "player": [
          {
            "condition": "minecraft:entity_properties",
            "entity": "this",
            "predicate": {
              "vehicle": {
                "type": "minecraft:boat",
                "passenger": {
                  "type": "minecraft:witch"
                }
              }
            }
          }
        ]
      }
    }
  },
  "sends_telemetry_event": true
}
